,Date,Open,High,Low,Close,Adj Close,Volume,Day of Week,%_CloseChange
0,2022-08-29,17188.650390625,17380.150390625,17166.19921875,17312.900390625,17312.900390625,244900,Monday,
1,2022-08-30,17414.94921875,17777.650390625,17401.5,17759.30078125,17759.30078125,324700,Tuesday,2.578426378902554
2,2022-09-01,17485.69921875,17695.599609375,17468.44921875,17542.80078125,17542.80078125,308500,Thursday,-1.2190795272107646
3,2022-09-02,17598.400390625,17643.849609375,17476.44921875,17539.44921875,17539.44921875,256300,Friday,-0.01910505934481499
4,2022-09-05,17546.44921875,17683.150390625,17540.349609375,17665.80078125,17665.80078125,230300,Monday,0.7203850071011875
5,2022-09-06,17695.69921875,17764.650390625,17587.650390625,17655.599609375,17655.599609375,251200,Tuesday,-0.05774531254664206
6,2022-09-07,17519.400390625,17650.75,17484.30078125,17624.400390625,17624.400390625,354100,Wednesday,-0.17671004916441913
7,2022-09-08,17748.150390625,17807.650390625,17691.94921875,17798.75,17798.75,279800,Thursday,0.9892512965589573
8,2022-09-09,17923.349609375,17925.94921875,17786.0,17833.349609375,17833.349609375,270300,Friday,0.19439347917691308
9,2022-09-12,17890.849609375,17980.55078125,17889.150390625,17936.349609375,17936.349609375,228200,Monday,0.5775695663245095
10,2022-09-13,18044.44921875,18088.30078125,18015.44921875,18070.05078125,18070.05078125,259900,Tuesday,0.7454201929980142
11,2022-09-14,17771.150390625,18091.55078125,17771.150390625,18003.75,18003.75,365900,Wednesday,-0.3669097671756161
12,2022-09-15,18046.349609375,18096.150390625,17861.5,17877.400390625,17877.400390625,289600,Thursday,-0.7017960667916379
13,2022-09-16,17796.80078125,17820.05078125,17497.25,17530.849609375,17530.849609375,468500,Friday,-1.9384853148544656
14,2022-09-19,17540.650390625,17667.19921875,17429.69921875,17622.25,17622.25,258300,Monday,0.521368859248672
15,2022-09-20,17770.400390625,17919.30078125,17744.400390625,17816.25,17816.25,263100,Tuesday,1.1008809885230342
16,2022-09-21,17766.349609375,17838.69921875,17663.599609375,17718.349609375,17718.349609375,245500,Wednesday,-0.5495005437451739
17,2022-09-22,17609.650390625,17722.75,17532.44921875,17629.80078125,17629.80078125,284100,Thursday,-0.4997577656902563
18,2022-09-23,17593.849609375,17642.150390625,17291.650390625,17327.349609375,17327.349609375,390800,Friday,-1.7155677232420508
19,2022-09-26,17156.30078125,17196.400390625,16978.30078125,17016.30078125,17016.30078125,492000,Monday,-1.7951321762256445
20,2022-09-27,17110.900390625,17176.44921875,16942.349609375,17007.400390625,17007.400390625,359900,Tuesday,-0.052305085220449854
21,2022-09-28,16870.55078125,17037.599609375,16820.400390625,16858.599609375,16858.599609375,323900,Wednesday,-0.874917846539458
22,2022-09-29,16993.599609375,17026.05078125,16788.599609375,16818.099609375,16818.099609375,340000,Thursday,-0.24023347691036756
23,2022-09-30,16798.05078125,17187.099609375,16747.69921875,17094.349609375,17094.349609375,376100,Friday,1.642575596626905
24,2022-10-03,17102.099609375,17114.650390625,16855.55078125,16887.349609375,16887.349609375,278400,Monday,-1.2109264448790458
25,2022-10-04,17147.44921875,17287.30078125,17117.30078125,17274.30078125,17274.30078125,226000,Tuesday,2.291367093271912
26,2022-10-06,17379.25,17428.80078125,17315.650390625,17331.80078125,17331.80078125,265500,Thursday,0.33286441360573793
27,2022-10-07,17287.19921875,17337.349609375,17216.94921875,17314.650390625,17314.650390625,216300,Friday,-0.09895331040011834
28,2022-10-10,17094.349609375,17280.150390625,17064.69921875,17241.0,17241.0,234000,Monday,-0.425364584114718
29,2022-10-11,17256.05078125,17261.80078125,16950.30078125,16983.55078125,16983.55078125,282600,Tuesday,-1.49323831999304
30,2022-10-12,17025.55078125,17142.349609375,16960.05078125,17123.599609375,17123.599609375,256000,Wednesday,0.8246145339619648
31,2022-10-13,17087.349609375,17112.349609375,16956.94921875,17014.349609375,17014.349609375,266400,Thursday,-0.6380083772817624
32,2022-10-14,17322.30078125,17348.55078125,17169.75,17185.69921875,17185.69921875,227000,Friday,1.0070888003887335
33,2022-10-17,17144.80078125,17328.55078125,17098.55078125,17311.80078125,17311.80078125,212200,Monday,0.7337586960815656
34,2022-10-18,17438.75,17527.80078125,17434.05078125,17486.94921875,17486.94921875,239500,Tuesday,1.0117285874136073
35,2022-10-19,17568.150390625,17607.599609375,17472.849609375,17512.25,17512.25,210500,Wednesday,0.14468379208691928
36,2022-10-20,17423.099609375,17584.150390625,17421.0,17563.94921875,17563.94921875,249600,Thursday,0.2952174549244013
37,2022-10-21,17622.849609375,17670.150390625,17520.75,17576.30078125,17576.30078125,277700,Friday,0.07032337856462956
38,2022-10-24,17736.349609375,17777.55078125,17707.400390625,17730.75,17730.75,45000,Monday,0.8787356376761757
39,2022-10-25,17808.30078125,17811.5,17637.0,17656.349609375,17656.349609375,251400,Tuesday,-0.41961220267050514
40,2022-10-27,17771.400390625,17783.900390625,17654.5,17736.94921875,17736.94921875,324600,Thursday,0.45649078749665506
41,2022-10-28,17756.400390625,17838.900390625,17723.69921875,17786.80078125,17786.80078125,250000,Friday,0.2810605244745412
42,2022-10-31,17910.19921875,18022.80078125,17899.900390625,18012.19921875,18012.19921875,227200,Monday,1.26722303955642
43,2022-11-01,18130.69921875,18175.80078125,18060.150390625,18145.400390625,18145.400390625,349900,Tuesday,0.7395053222392978
44,2022-11-02,18177.900390625,18178.75,18048.650390625,18082.849609375,18082.849609375,270900,Wednesday,-0.3447197631545107
45,2022-11-03,17968.349609375,18106.30078125,17959.19921875,18052.69921875,18052.69921875,213000,Thursday,-0.16673473084335422
46,2022-11-04,18053.400390625,18135.099609375,18017.150390625,18117.150390625,18117.150390625,267900,Friday,0.3570168155688336
47,2022-11-07,18211.75,18255.5,18064.75,18202.80078125,18202.80078125,314800,Monday,0.4727586225111935
48,2022-11-09,18288.25,18296.400390625,18117.5,18157.0,18157.0,307200,Wednesday,-0.2516139235956394
49,2022-11-10,18044.349609375,18103.099609375,17969.400390625,18028.19921875,18028.19921875,256500,Thursday,-0.7093725904609771
50,2022-11-11,18272.349609375,18362.30078125,18259.349609375,18349.69921875,18349.69921875,378500,Friday,1.7833173247033374
51,2022-11-14,18376.400390625,18399.44921875,18311.400390625,18329.150390625,18329.150390625,301400,Monday,-0.11198455015547504
52,2022-11-15,18362.75,18427.94921875,18282.0,18403.400390625,18403.400390625,250900,Tuesday,0.40509242609507723
53,2022-11-16,18398.25,18442.150390625,18344.150390625,18409.650390625,18409.650390625,219300,Wednesday,0.03396111515991951
54,2022-11-17,18358.69921875,18417.599609375,18312.94921875,18343.900390625,18343.900390625,200500,Thursday,-0.357149639481924
55,2022-11-18,18382.94921875,18394.599609375,18209.80078125,18307.650390625,18307.650390625,198800,Friday,-0.19761337135545398
56,2022-11-21,18246.400390625,18262.30078125,18133.349609375,18159.94921875,18159.94921875,213800,Monday,-0.8067729540576885
57,2022-11-22,18179.150390625,18261.849609375,18137.69921875,18244.19921875,18244.19921875,177700,Tuesday,0.463933015368867
58,2022-11-23,18325.19921875,18325.400390625,18246.0,18267.25,18267.25,178800,Wednesday,0.12634580983039712
59,2022-11-24,18326.099609375,18529.69921875,18294.25,18484.099609375,18484.099609375,204000,Thursday,1.1870949889830174
60,2022-11-25,18528.44921875,18534.900390625,18445.099609375,18512.75,18512.75,205900,Friday,0.15500019600884762
61,2022-11-28,18430.55078125,18614.25,18365.599609375,18562.75,18562.75,206500,Monday,0.27008413120686026
62,2022-11-29,18552.44921875,18678.099609375,18552.150390625,18618.05078125,18618.05078125,195300,Tuesday,0.297912654375021
63,2022-11-30,18625.69921875,18816.05078125,18616.55078125,18758.349609375,18758.349609375,345600,Wednesday,0.7535634625419174
64,2022-12-01,18871.94921875,18887.599609375,18778.19921875,18812.5,18812.5,325000,Thursday,0.2886735334004964
65,2022-12-02,18752.400390625,18781.94921875,18639.19921875,18696.099609375,18696.099609375,254400,Friday,-0.6187396179402005
66,2022-12-05,18719.55078125,18728.599609375,18591.349609375,18701.05078125,18701.05078125,288400,Monday,0.026482378562620035
67,2022-12-06,18600.650390625,18654.900390625,18577.900390625,18642.75,18642.75,217800,Tuesday,-0.3117513659096294
68,2022-12-07,18638.849609375,18668.30078125,18528.400390625,18560.5,18560.5,200500,Wednesday,-0.4411902750398933
69,2022-12-08,18570.849609375,18625.0,18536.94921875,18609.349609375,18609.349609375,202800,Thursday,0.2631912360927746
70,2022-12-09,18662.400390625,18664.69921875,18410.099609375,18496.599609375,18496.599609375,215800,Friday,-0.6058782405979346
71,2022-12-12,18402.150390625,18521.55078125,18345.69921875,18497.150390625,18497.150390625,193900,Monday,0.002977743269738653
72,2022-12-13,18524.400390625,18617.25,18490.19921875,18608.0,18608.0,187600,Tuesday,0.599279386467999
73,2022-12-14,18671.25,18696.099609375,18632.900390625,18660.30078125,18660.30078125,208000,Wednesday,0.2810661073194387
74,2022-12-15,18614.400390625,18652.900390625,18387.69921875,18414.900390625,18414.900390625,183100,Thursday,-1.3150934355333654
75,2022-12-16,18319.099609375,18440.94921875,18255.150390625,18269.0,18269.0,277700,Friday,-0.792295301794177
76,2022-12-19,18288.099609375,18431.650390625,18244.55078125,18420.44921875,18420.44921875,154800,Monday,0.8289956688926514
77,2022-12-20,18340.30078125,18404.900390625,18202.650390625,18385.30078125,18385.30078125,169000,Tuesday,-0.19081205394395617
78,2022-12-21,18435.150390625,18473.349609375,18162.75,18199.099609375,18199.099609375,187600,Wednesday,-1.012771964355863
79,2022-12-22,18288.80078125,18318.75,18068.599609375,18127.349609375,18127.349609375,195700,Thursday,-0.39425027358517273
80,2022-12-23,17977.650390625,18050.44921875,17779.5,17806.80078125,17806.80078125,221500,Friday,-1.768316025411787
81,2022-12-26,17830.400390625,18084.099609375,17774.25,18014.599609375,18014.599609375,176700,Monday,1.1669632893506865
82,2022-12-27,18089.80078125,18149.25,17967.44921875,18132.30078125,18132.30078125,214300,Tuesday,0.6533654614990558
83,2022-12-28,18084.75,18173.099609375,18068.349609375,18122.5,18122.5,193900,Wednesday,-0.05405150382313817
84,2022-12-29,18045.69921875,18229.69921875,17992.80078125,18191.0,18191.0,281100,Thursday,0.377983170092433
85,2022-12-30,18259.099609375,18265.25,18080.30078125,18105.30078125,18105.30078125,192000,Friday,-0.471107793689185
86,2023-01-02,18131.69921875,18215.150390625,18086.5,18197.44921875,18197.44921875,256100,Monday,0.5089583355357918
87,2023-01-03,18163.19921875,18251.94921875,18149.80078125,18232.55078125,18232.55078125,208700,Tuesday,0.192892762485819
88,2023-01-04,18230.650390625,18243.0,18020.599609375,18042.94921875,18042.94921875,235200,Wednesday,-1.0399069487028845
89,2023-01-05,18101.94921875,18120.30078125,17892.599609375,17992.150390625,17992.150390625,269900,Thursday,-0.28154392892826285
90,2023-01-06,18008.05078125,18047.400390625,17795.55078125,17859.44921875,17859.44921875,238200,Friday,-0.7375503705446151
91,2023-01-09,17952.55078125,18141.400390625,17936.150390625,18101.19921875,18101.19921875,257200,Monday,1.3536251708490266
92,2023-01-10,18121.30078125,18127.599609375,17856.0,17914.150390625,17914.150390625,283300,Tuesday,-1.033350475095851
93,2023-01-11,17924.25,17976.349609375,17824.349609375,17895.69921875,17895.69921875,259900,Wednesday,-0.10299775022909463
94,2023-01-12,17920.849609375,17945.80078125,17761.650390625,17858.19921875,17858.19921875,227800,Thursday,-0.209547554088918
95,2023-01-13,17867.5,17999.349609375,17774.25,17956.599609375,17956.599609375,256700,Friday,0.5510095918388247
96,2023-01-16,18033.150390625,18049.650390625,17853.650390625,17894.849609375,17894.849609375,206200,Monday,-0.3438847072569362
97,2023-01-17,17922.80078125,18072.05078125,17886.94921875,18053.30078125,18053.30078125,219100,Tuesday,0.8854568511824201
98,2023-01-18,18074.30078125,18183.75,18032.44921875,18165.349609375,18165.349609375,255800,Wednesday,0.6206556323560042
99,2023-01-19,18119.80078125,18155.19921875,18063.75,18107.849609375,18107.849609375,237800,Thursday,-0.3165367099256078
100,2023-01-20,18115.599609375,18145.44921875,18016.19921875,18027.650390625,18027.650390625,237200,Friday,-0.44289753051891534
101,2023-01-23,18118.44921875,18162.599609375,18063.44921875,18118.55078125,18118.55078125,202500,Monday,0.5042276095628795
102,2023-01-24,18183.94921875,18201.25,18078.650390625,18118.30078125,18118.30078125,216900,Tuesday,-0.0013798013043020418
103,2023-01-25,18093.349609375,18100.599609375,17846.150390625,17891.94921875,17891.94921875,257200,Wednesday,-1.249297962501228
104,2023-01-27,17877.19921875,17884.75,17493.55078125,17604.349609375,17604.349609375,476300,Friday,-1.6074246906178757
105,2023-01-30,17541.94921875,17709.150390625,17405.55078125,17648.94921875,17648.94921875,432400,Monday,0.25334426073457816
106,2023-01-31,17731.44921875,17735.69921875,17537.55078125,17662.150390625,17662.150390625,398300,Tuesday,0.07479862801675896
107,2023-02-01,17811.599609375,17972.19921875,17353.400390625,17616.30078125,17616.30078125,512900,Wednesday,-0.25959245256645946
108,2023-02-02,17517.099609375,17653.900390625,17445.94921875,17610.400390625,17610.400390625,490100,Thursday,-0.03349392530399564
109,2023-02-03,17721.75,17870.30078125,17584.19921875,17854.05078125,17854.05078125,424100,Friday,1.3835596307890219
110,2023-02-06,17818.55078125,17823.69921875,17698.349609375,17764.599609375,17764.599609375,282500,Monday,-0.5010133160870178
111,2023-02-07,17790.099609375,17811.150390625,17652.55078125,17721.5,17721.5,354400,Tuesday,-0.24261514654264627
112,2023-02-08,17750.30078125,17898.69921875,17744.150390625,17871.69921875,17871.69921875,291000,Wednesday,0.8475536424681795
113,2023-02-09,17885.5,17916.900390625,17779.80078125,17893.44921875,17893.44921875,260900,Thursday,0.12170079483646568
114,2023-02-10,17847.55078125,17876.94921875,17801.0,17856.5,17856.5,232000,Friday,-0.20649578680046465
115,2023-02-13,17859.099609375,17880.69921875,17719.75,17770.900390625,17770.900390625,231300,Monday,-0.479375070002519
116,2023-02-14,17840.349609375,17954.55078125,17800.05078125,17929.849609375,17929.849609375,244500,Tuesday,0.89443537049958
117,2023-02-15,17896.599609375,18034.099609375,17853.80078125,18015.849609375,18015.849609375,229300,Wednesday,0.4796470794436125
118,2023-02-16,18094.75,18134.75,18000.650390625,18035.849609375,18035.849609375,230200,Thursday,0.11101336008929596
119,2023-02-17,17974.849609375,18034.25,17884.599609375,17944.19921875,17944.19921875,208100,Friday,-0.5081567689351307
120,2023-02-20,17965.55078125,18004.349609375,17818.400390625,17844.599609375,17844.599609375,174600,Monday,-0.5550518480140765
121,2023-02-21,17905.80078125,17924.900390625,17800.30078125,17826.69921875,17826.69921875,198200,Tuesday,-0.10031264929920569
122,2023-02-22,17755.349609375,17772.5,17529.44921875,17554.30078125,17554.30078125,204000,Wednesday,-1.5280363131582653
123,2023-02-23,17574.650390625,17620.05078125,17455.400390625,17511.25,17511.25,240800,Thursday,-0.2452434977984641
124,2023-02-24,17591.349609375,17599.75,17421.80078125,17465.80078125,17465.80078125,209400,Friday,-0.2595429723749043
125,2023-02-27,17428.599609375,17451.599609375,17299.0,17392.69921875,17392.69921875,246400,Monday,-0.41854114458053093
126,2023-02-28,17383.25,17440.44921875,17255.19921875,17303.94921875,17303.94921875,420900,Tuesday,-0.5102715736285734
127,2023-03-01,17360.099609375,17467.75,17345.25,17450.900390625,17450.900390625,272900,Wednesday,0.8492348770636093
128,2023-03-02,17421.5,17445.80078125,17306.0,17321.900390625,17321.900390625,310700,Thursday,-0.7392168719804415
129,2023-03-03,17451.25,17644.75,17427.69921875,17594.349609375,17594.349609375,356200,Friday,1.5728598629827895
130,2023-03-06,17680.349609375,17799.94921875,17671.94921875,17711.44921875,17711.44921875,362800,Monday,0.6655523618366965
131,2023-03-08,17665.75,17766.5,17602.25,17754.400390625,17754.400390625,267000,Wednesday,0.24250512391459367
132,2023-03-09,17772.05078125,17772.349609375,17573.599609375,17589.599609375,17589.599609375,262400,Thursday,-0.9282249899975281
133,2023-03-10,17443.80078125,17451.5,17324.349609375,17412.900390625,17412.900390625,235900,Friday,-1.0045664635585094
134,2023-03-13,17421.900390625,17529.900390625,17113.44921875,17154.30078125,17154.30078125,254900,Monday,-1.4851035931626178
135,2023-03-14,17160.55078125,17224.650390625,16987.099609375,17043.30078125,17043.30078125,290600,Tuesday,-0.6470680525861194
136,2023-03-15,17166.44921875,17211.349609375,16938.900390625,16972.150390625,16972.150390625,248200,Wednesday,-0.41746837386849034
137,2023-03-16,16994.650390625,17062.44921875,16850.150390625,16985.599609375,16985.599609375,349800,Thursday,0.07924286811309411
138,2023-03-17,17111.80078125,17145.80078125,16958.150390625,17100.05078125,17100.05078125,408100,Friday,0.6738129621978839
139,2023-03-20,17066.599609375,17066.599609375,16828.349609375,16988.400390625,16988.400390625,241800,Monday,-0.6529243219992265
140,2023-03-21,17060.400390625,17127.69921875,17016.0,17107.5,17107.5,246700,Tuesday,0.7010642946744028
141,2023-03-22,17177.44921875,17207.25,17107.849609375,17151.900390625,17151.900390625,0,Wednesday,0.25953757489405316
142,2023-03-23,17097.400390625,17205.400390625,17045.30078125,17076.900390625,17076.900390625,219200,Thursday,-0.43726933046436267
143,2023-03-24,17076.19921875,17109.44921875,16917.349609375,16945.05078125,16945.05078125,228000,Friday,-0.7720933328590696
144,2023-03-27,16984.30078125,17091.0,16918.55078125,16985.69921875,16985.69921875,218400,Monday,0.23988383407489433
145,2023-03-28,17031.75,17061.75,16913.75,16951.69921875,16951.69921875,238800,Tuesday,-0.20016838613549082
146,2023-03-29,16977.30078125,17126.150390625,16940.599609375,17080.69921875,17080.69921875,345900,Wednesday,0.7609856589321451
147,2023-03-31,17210.349609375,17381.599609375,17204.650390625,17359.75,17359.75,263900,Friday,1.6337198944623932
148,2023-04-03,17427.94921875,17428.05078125,17312.75,17398.05078125,17398.05078125,230200,Monday,0.2206297973761151
149,2023-04-05,17422.30078125,17570.55078125,17402.69921875,17557.05078125,17557.05078125,248300,Wednesday,0.9138954817361267
150,2023-04-06,17533.849609375,17638.69921875,17502.849609375,17599.150390625,17599.150390625,242700,Thursday,0.23978747854371818
151,2023-04-10,17634.900390625,17694.099609375,17597.94921875,17624.05078125,17624.05078125,254800,Monday,0.14148632219350699
152,2023-04-11,17704.80078125,17748.75,17655.150390625,17722.30078125,17722.30078125,304300,Tuesday,0.5574768321964241
153,2023-04-12,17759.55078125,17825.75,17717.25,17812.400390625,17812.400390625,232800,Wednesday,0.5083967961446945
154,2023-04-13,17807.30078125,17842.150390625,17729.650390625,17828.0,17828.0,285800,Thursday,0.08757724412713497
155,2023-04-17,17863.0,17863.0,17574.05078125,17706.849609375,17706.849609375,357400,Monday,-0.6795512150830185
156,2023-04-18,17766.599609375,17766.599609375,17610.19921875,17660.150390625,17660.150390625,258900,Tuesday,-0.26373533282438855
157,2023-04-19,17653.349609375,17666.150390625,17579.849609375,17618.75,17618.75,281500,Wednesday,-0.2344283016240789
158,2023-04-20,17638.599609375,17684.44921875,17584.349609375,17624.44921875,17624.44921875,215100,Thursday,0.03234746363958152
159,2023-04-21,17639.75,17663.19921875,17553.94921875,17624.05078125,17624.05078125,230200,Friday,-0.002260708945023282
160,2023-04-24,17707.55078125,17754.5,17612.5,17743.400390625,17743.400390625,255700,Monday,0.6771973756565242
161,2023-04-25,17761.55078125,17807.44921875,17716.849609375,17769.25,17769.25,297400,Tuesday,0.14568576938982503
162,2023-04-26,17767.30078125,17827.75,17711.19921875,17813.599609375,17813.599609375,233000,Wednesday,0.24958627615121465
163,2023-04-27,17813.099609375,17931.599609375,17797.900390625,17915.05078125,17915.05078125,241400,Thursday,0.5695152810193838
164,2023-04-28,17950.400390625,18089.150390625,17885.30078125,18065.0,18065.0,290300,Friday,0.8370013603697934
165,2023-05-02,18124.80078125,18180.25,18101.75,18147.650390625,18147.650390625,265200,Tuesday,0.4575166931912511
166,2023-05-03,18113.80078125,18116.349609375,18042.400390625,18089.849609375,18089.849609375,226200,Wednesday,-0.318502836487633
167,2023-05-04,18081.0,18267.44921875,18066.69921875,18255.80078125,18255.80078125,226600,Thursday,0.9173717607303677
168,2023-05-05,18117.30078125,18216.94921875,18055.44921875,18069.0,18069.0,239700,Friday,-1.0232406865540389
169,2023-05-08,18120.599609375,18286.94921875,18100.30078125,18264.400390625,18264.400390625,228400,Monday,1.0814123118324304
170,2023-05-09,18303.400390625,18344.19921875,18229.650390625,18265.94921875,18265.94921875,245400,Tuesday,0.00848003817193188
171,2023-05-10,18313.599609375,18326.75,18211.94921875,18315.099609375,18315.099609375,220500,Wednesday,0.26908205008338015
172,2023-05-11,18357.80078125,18389.69921875,18270.400390625,18297.0,18297.0,248900,Thursday,-0.09882342854272697
173,2023-05-12,18273.75,18342.75,18194.55078125,18314.80078125,18314.80078125,241700,Friday,0.09728797753729701
174,2023-05-15,18339.30078125,18458.900390625,18287.900390625,18398.849609375,18398.849609375,216100,Monday,0.45891205221868514
175,2023-05-16,18432.349609375,18432.349609375,18264.349609375,18286.5,18286.5,219500,Tuesday,-0.6106338807060685
176,2023-05-17,18300.44921875,18309.0,18115.349609375,18181.75,18181.75,229900,Wednesday,-0.5728269488420423
177,2023-05-18,18287.5,18297.19921875,18104.849609375,18129.94921875,18129.94921875,272100,Thursday,-0.2849053652701161
178,2023-05-19,18186.150390625,18218.099609375,18060.400390625,18203.400390625,18203.400390625,260900,Friday,0.40513721791914925
179,2023-05-22,18201.099609375,18335.25,18178.849609375,18314.400390625,18314.400390625,262600,Monday,0.6097761825706316
180,2023-05-23,18362.900390625,18419.75,18324.19921875,18348.0,18348.0,270400,Tuesday,0.1834600568861644
181,2023-05-24,18294.80078125,18392.599609375,18262.94921875,18285.400390625,18285.400390625,232600,Wednesday,-0.34117947119577385
182,2023-05-25,18268.900390625,18338.099609375,18202.400390625,18321.150390625,18321.150390625,235900,Thursday,0.19551116867164708
183,2023-05-26,18368.349609375,18508.55078125,18333.150390625,18499.349609375,18499.349609375,198700,Friday,0.9726420827874671
184,2023-05-29,18619.150390625,18641.19921875,18581.25,18598.650390625,18598.650390625,265300,Monday,0.5367798508963517
185,2023-05-30,18606.650390625,18662.44921875,18575.5,18633.849609375,18633.849609375,234400,Tuesday,0.18925684396833287
186,2023-05-31,18594.19921875,18603.900390625,18483.849609375,18534.400390625,18534.400390625,696500,Wednesday,-0.533701950132548
187,2023-06-01,18579.400390625,18580.30078125,18464.55078125,18487.75,18487.75,265600,Thursday,-0.25169624936233204
188,2023-06-02,18550.849609375,18573.69921875,18478.400390625,18534.099609375,18534.099609375,270900,Friday,0.2507044360454902
189,2023-06-05,18612.0,18640.150390625,18582.80078125,18593.849609375,18593.849609375,256100,Monday,0.3223787573137793
190,2023-06-06,18600.80078125,18622.75,18531.599609375,18599.0,18599.0,220800,Tuesday,0.027699431442118616
191,2023-06-07,18665.599609375,18738.94921875,18636.0,18726.400390625,18726.400390625,260100,Wednesday,0.6849851638528914
192,2023-06-08,18725.349609375,18777.900390625,18615.599609375,18634.55078125,18634.55078125,286500,Thursday,-0.49048192636628185
193,2023-06-09,18655.900390625,18676.650390625,18555.400390625,18563.400390625,18563.400390625,221800,Friday,-0.381819725413457
194,2023-06-12,18595.05078125,18633.599609375,18559.75,18601.5,18601.5,179500,Monday,0.20524046550352004
195,2023-06-13,18631.80078125,18728.900390625,18631.80078125,18716.150390625,18716.150390625,233200,Tuesday,0.6163502439319402
196,2023-06-14,18744.599609375,18769.69921875,18690.0,18755.900390625,18755.900390625,261400,Wednesday,0.21238341844009856
197,2023-06-15,18774.44921875,18794.099609375,18669.05078125,18688.099609375,18688.099609375,263000,Thursday,-0.36149041015322014
198,2023-06-16,18723.30078125,18864.69921875,18710.5,18826.0,18826.0,272800,Friday,0.7379048352023077
199,2023-06-19,18873.30078125,18881.44921875,18719.150390625,18755.44921875,18755.44921875,219800,Monday,-0.37475183921172883
200,2023-06-20,18752.349609375,18839.69921875,18660.650390625,18816.69921875,18816.69921875,211600,Tuesday,0.3265717567498605
201,2023-06-21,18849.400390625,18875.900390625,18794.849609375,18856.849609375,18856.849609375,217500,Wednesday,0.21337637466720683
202,2023-06-22,18853.599609375,18886.599609375,18759.5,18771.25,18771.25,252700,Thursday,-0.4539443817404343
203,2023-06-23,18741.849609375,18756.400390625,18647.099609375,18665.5,18665.5,210600,Friday,-0.5633615236065759
204,2023-06-26,18682.349609375,18722.05078125,18646.69921875,18691.19921875,18691.19921875,171300,Monday,0.13768299134766515
205,2023-06-27,18748.55078125,18829.25,18714.25,18817.400390625,18817.400390625,222500,Tuesday,0.675190341711196
206,2023-06-28,18908.150390625,19011.25,18861.349609375,18972.099609375,18972.099609375,398800,Wednesday,0.822107281232487
207,2023-06-30,19076.849609375,19201.69921875,19024.599609375,19189.05078125,19189.05078125,247900,Friday,1.143527476356887
208,2023-07-03,19246.5,19345.099609375,19234.400390625,19322.55078125,19322.55078125,226100,Monday,0.695709243369369
209,2023-07-04,19406.599609375,19434.150390625,19300.0,19389.0,19389.0,226900,Tuesday,0.3438946519135566
210,2023-07-05,19405.94921875,19421.599609375,19339.599609375,19398.5,19398.5,224400,Wednesday,0.04899685388621844
211,2023-07-06,19385.69921875,19512.19921875,19373.0,19497.30078125,19497.30078125,268300,Thursday,0.509321758125636
212,2023-07-07,19422.80078125,19523.599609375,19303.599609375,19331.80078125,19331.80078125,237100,Friday,-0.848835445771845
213,2023-07-10,19400.349609375,19435.849609375,19327.099609375,19355.900390625,19355.900390625,268200,Monday,0.12466303397029588
214,2023-07-11,19427.099609375,19515.099609375,19406.44921875,19439.400390625,19439.400390625,251300,Tuesday,0.43139300324381846
215,2023-07-12,19497.44921875,19507.69921875,19361.75,19384.30078125,19384.30078125,327900,Wednesday,-0.2834429471475497
216,2023-07-13,19495.19921875,19567.0,19385.80078125,19413.75,19413.75,310400,Thursday,0.1519230385574888
217,2023-07-14,19493.44921875,19595.349609375,19433.5,19564.5,19564.5,291200,Friday,0.7765114931427508
218,2023-07-17,19612.150390625,19731.849609375,19562.94921875,19711.44921875,19711.44921875,268700,Monday,0.7511013251041421
219,2023-07-18,19787.5,19819.44921875,19690.19921875,19749.25,19749.25,286400,Tuesday,0.1917706853032497
220,2023-07-19,19802.94921875,19851.69921875,19727.44921875,19833.150390625,19833.150390625,259700,Wednesday,0.4248282371482448
221,2023-07-20,19831.69921875,19991.849609375,19758.400390625,19979.150390625,19979.150390625,274700,Thursday,0.7361412439498949
222,2023-07-21,19800.44921875,19887.400390625,19700.0,19745.0,19745.0,312500,Friday,-1.1719737128305097
223,2023-07-24,19748.44921875,19782.75,19658.30078125,19672.349609375,19672.349609375,265600,Monday,-0.3679432292985618
224,2023-07-25,19729.349609375,19729.349609375,19615.94921875,19680.599609375,19680.599609375,369700,Tuesday,0.04193703428323481
225,2023-07-26,19733.349609375,19825.599609375,19716.69921875,19778.30078125,19778.30078125,244700,Wednesday,0.4964339187534694
226,2023-07-27,19850.900390625,19867.55078125,19603.55078125,19659.900390625,19659.900390625,334900,Thursday,-0.598637830087223
227,2023-07-28,19659.75,19695.900390625,19563.099609375,19646.05078125,19646.05078125,258700,Friday,-0.07044597937843067
228,2023-07-31,19666.349609375,19772.75,19597.599609375,19753.80078125,19753.80078125,295100,Monday,0.5484562836559181
229,2023-08-01,19784.0,19795.599609375,19704.599609375,19733.55078125,19733.55078125,298000,Tuesday,-0.10251191770254131
230,2023-08-02,19655.400390625,19678.25,19423.55078125,19526.55078125,19526.55078125,290700,Wednesday,-1.0489749274959825
231,2023-08-03,19463.75,19537.650390625,19296.44921875,19381.650390625,19381.650390625,315700,Thursday,-0.7420685416911321
232,2023-08-04,19462.80078125,19538.849609375,19436.44921875,19517.0,19517.0,280800,Friday,0.6983389270114548
233,2023-08-07,19576.849609375,19620.44921875,19524.80078125,19597.30078125,19597.30078125,216600,Monday,0.41144018676027017
234,2023-08-08,19627.19921875,19634.400390625,19533.099609375,19570.849609375,19570.849609375,260300,Tuesday,-0.13497354646058168
235,2023-08-09,19578.80078125,19645.5,19467.5,19632.55078125,19632.55078125,266500,Wednesday,0.3152707884763739
236,2023-08-10,19605.55078125,19623.599609375,19495.400390625,19543.099609375,19543.099609375,312200,Thursday,-0.4556268458015711
237,2023-08-11,19554.25,19557.75,19412.75,19428.30078125,19428.30078125,235500,Friday,-0.5874136161590715
238,2023-08-14,19383.94921875,19465.849609375,19257.900390625,19434.55078125,19434.55078125,243900,Monday,0.032169565781225984
239,2023-08-16,19369.0,19482.75,19317.19921875,19465.0,19465.0,0,Wednesday,0.15667570139761278
240,2023-08-17,19450.55078125,19461.55078125,19326.25,19365.25,19365.25,268700,Thursday,-0.5124582584125403
241,2023-08-18,19301.75,19373.80078125,19253.599609375,19310.150390625,19310.150390625,256100,Friday,-0.28452826260957353
242,2023-08-21,19320.650390625,19425.94921875,19296.30078125,19393.599609375,19393.599609375,262600,Monday,0.43215209131937105
243,2023-08-22,19417.099609375,19443.5,19381.30078125,19396.44921875,19396.44921875,208700,Tuesday,0.014693555773015454
244,2023-08-23,19439.19921875,19472.05078125,19366.599609375,19444.0,19444.0,225200,Wednesday,0.24515199000461063
245,2023-08-24,19535.150390625,19584.44921875,19369.0,19386.69921875,19386.69921875,268300,Thursday,-0.2946964680621278
246,2023-08-25,19297.400390625,19339.55078125,19229.69921875,19265.80078125,19265.80078125,466500,Friday,-0.6236153774081932
247,2023-08-28,19298.349609375,19366.849609375,19249.69921875,19306.05078125,19306.05078125,248200,Monday,0.2089194238900971
248,2023-08-29,19374.849609375,19377.900390625,19309.099609375,19342.650390625,19342.650390625,307400,Tuesday,0.18957584743610756
249,2023-08-30,19433.44921875,19452.80078125,19334.75,19347.44921875,19347.44921875,233000,Wednesday,0.02480956863764039
250,2023-08-31,19375.55078125,19388.19921875,19223.650390625,19253.80078125,19253.80078125,562600,Thursday,-0.4840350603388277
251,2023-09-01,19258.150390625,19458.55078125,19255.69921875,19435.30078125,19435.30078125,333000,Friday,0.9426710188917609
252,2023-09-04,19525.05078125,19545.150390625,19432.849609375,19528.80078125,19528.80078125,296800,Monday,0.48108337016425917
253,2023-09-05,19564.650390625,19587.05078125,19525.75,19574.900390625,19574.900390625,256800,Tuesday,0.23605960187407238
254,2023-09-06,19581.19921875,19636.44921875,19491.5,19611.05078125,19611.05078125,287600,Wednesday,0.18467726478093027
255,2023-09-07,19598.650390625,19737.0,19550.05078125,19727.05078125,19727.05078125,304900,Thursday,0.5915032360780392
256,2023-09-08,19774.80078125,19867.150390625,19727.05078125,19819.94921875,19819.94921875,288100,Friday,0.47091903665750223
257,2023-09-11,19890.0,20008.150390625,19865.349609375,19996.349609375,19996.349609375,248800,Monday,0.8900143420050854
258,2023-09-12,20110.150390625,20110.349609375,19914.650390625,19993.19921875,19993.19921875,328100,Tuesday,-0.01575482868895195
259,2023-09-13,19989.5,20096.900390625,19944.099609375,20070.0,20070.0,251400,Wednesday,0.3841345269944396
260,2023-09-14,20127.94921875,20167.650390625,20043.44921875,20103.099609375,20103.099609375,275100,Thursday,0.1649208239910216
261,2023-09-15,20156.44921875,20222.44921875,20129.69921875,20192.349609375,20192.349609375,438200,Friday,0.44396138771742866
262,2023-09-18,20155.94921875,20195.349609375,20115.69921875,20133.30078125,20133.30078125,264900,Monday,-0.2924316846098174
263,2023-09-20,19980.75,20050.650390625,19878.849609375,19901.400390625,19901.400390625,378100,Wednesday,-1.1518249945432046
264,2023-09-21,19840.55078125,19848.75,19709.94921875,19742.349609375,19742.349609375,275100,Thursday,-0.7991939166498319
265,2023-09-22,19744.849609375,19798.650390625,19657.5,19674.25,19674.25,246400,Friday,-0.3449417659114995
266,2023-09-25,19678.19921875,19734.150390625,19601.55078125,19674.55078125,19674.55078125,188400,Monday,0.0015288066889551644
267,2023-09-26,19682.80078125,19699.349609375,19637.44921875,19664.69921875,19664.69921875,204900,Tuesday,-0.05007261720755274
268,2023-09-27,19637.05078125,19730.69921875,19554.0,19716.44921875,19716.44921875,203600,Wednesday,0.2631619198663282
269,2023-09-28,19761.80078125,19766.650390625,19492.099609375,19523.55078125,19523.55078125,352800,Thursday,-0.9783629666773708
270,2023-09-29,19581.19921875,19726.25,19551.05078125,19638.30078125,19638.30078125,243500,Friday,0.5877516917168757
271,2023-10-03,19622.400390625,19623.19921875,19479.650390625,19528.75,19528.75,221700,Tuesday,-0.5578424654468894
272,2023-10-04,19446.30078125,19457.80078125,19333.599609375,19436.099609375,19436.099609375,277100,Wednesday,-0.47443072713306833
273,2023-10-05,19521.849609375,19576.94921875,19487.30078125,19545.75,19545.75,234900,Thursday,0.5641584105285702
274,2023-10-06,19621.19921875,19675.75,19589.400390625,19653.5,19653.5,159100,Friday,0.5512707366051472
275,2023-10-09,19539.44921875,19588.94921875,19480.5,19512.349609375,19512.349609375,165100,Monday,-0.718194675884698
276,2023-10-10,19565.599609375,19717.80078125,19565.44921875,19689.849609375,19689.849609375,216600,Tuesday,0.9096802976240159
277,2023-10-11,19767.0,19839.19921875,19756.94921875,19811.349609375,19811.349609375,213700,Wednesday,0.6170692128707245
278,2023-10-12,19822.69921875,19843.30078125,19772.650390625,19794.0,19794.0,217900,Thursday,-0.08757409120068171
279,2023-10-13,19654.55078125,19805.400390625,19635.30078125,19751.05078125,19751.05078125,255000,Friday,-0.21698099802970328
280,2023-10-16,19737.25,19781.30078125,19691.849609375,19731.75,19731.75,181000,Monday,-0.09772027556287366
281,2023-10-17,19843.19921875,19849.75,19775.650390625,19811.5,19811.5,185800,Tuesday,0.4041709427698992
282,2023-10-18,19820.44921875,19840.94921875,19659.94921875,19671.099609375,19671.099609375,198900,Wednesday,-0.7086812741337156
283,2023-10-19,19545.19921875,19681.80078125,19512.349609375,19624.69921875,19624.69921875,230300,Thursday,-0.23588102112443998
284,2023-10-20,19542.150390625,19593.80078125,19518.69921875,19542.650390625,19542.650390625,198300,Friday,-0.41808960845935994
285,2023-10-23,19521.599609375,19556.849609375,19257.849609375,19281.75,19281.75,176000,Monday,-1.3350307425555652
286,2023-10-25,19286.44921875,19347.30078125,19074.150390625,19122.150390625,19122.150390625,225300,Wednesday,-0.8277236732921023
287,2023-10-26,19027.25,19041.69921875,18837.849609375,18857.25,18857.25,300400,Thursday,-1.3853064912347501
288,2023-10-27,18928.75,19076.150390625,18926.650390625,19047.25,19047.25,205200,Friday,1.0075700327460302
289,2023-10-30,19053.400390625,19158.5,18940.0,19140.900390625,19140.900390625,180100,Monday,0.49167407696648624
290,2023-10-31,19232.94921875,19233.69921875,19056.44921875,19079.599609375,19079.599609375,206000,Tuesday,-0.3202606982899536
291,2023-11-01,19064.05078125,19096.05078125,18973.69921875,18989.150390625,18989.150390625,194100,Wednesday,-0.4740624572936891
292,2023-11-02,19120.0,19175.25,19064.150390625,19133.25,19133.25,245600,Thursday,0.7588523257266999
293,2023-11-03,19241.0,19276.25,19210.900390625,19230.599609375,19230.599609375,189500,Friday,0.5087980838331285
294,2023-11-06,19345.849609375,19423.0,19309.69921875,19411.75,19411.75,180700,Monday,0.941990339899168
295,2023-11-07,19404.05078125,19423.5,19329.099609375,19406.69921875,19406.69921875,198700,Tuesday,-0.026019195847870602
296,2023-11-08,19449.599609375,19464.400390625,19401.5,19443.5,19443.5,195000,Wednesday,0.18962926582819506
297,2023-11-09,19457.400390625,19463.900390625,19378.349609375,19395.30078125,19395.30078125,208400,Thursday,-0.24789373698150818
298,2023-11-10,19351.849609375,19451.30078125,19329.44921875,19425.349609375,19425.349609375,152200,Friday,0.1549283945833313
299,2023-11-13,19486.75,19494.400390625,19414.75,19443.55078125,19443.55078125,189300,Monday,0.09369804014345284
300,2023-11-15,19651.400390625,19693.19921875,19579.650390625,19675.44921875,19675.44921875,291500,Wednesday,1.1926753508604282
301,2023-11-16,19674.69921875,19875.25,19627.0,19765.19921875,19765.19921875,282700,Thursday,0.4561522280999375
302,2023-11-17,19674.75,19806.0,19667.44921875,19731.80078125,19731.80078125,236800,Friday,-0.16897597201204206
303,2023-11-20,19731.150390625,19756.44921875,19670.5,19694.0,19694.0,173800,Monday,-0.19157289123818977
304,2023-11-21,19770.900390625,19829.099609375,19754.05078125,19783.400390625,19783.400390625,195000,Tuesday,0.45394734754240496
305,2023-11-22,19784.0,19825.55078125,19703.849609375,19811.849609375,19811.849609375,184500,Wednesday,0.14380348265852216
306,2023-11-23,19828.44921875,19875.150390625,19786.75,19802.0,19802.0,170000,Thursday,-0.04971574875239915
307,2023-11-24,19809.599609375,19832.849609375,19768.849609375,19794.69921875,19794.69921875,145900,Friday,-0.03686890844358803
308,2023-11-28,19844.650390625,19916.849609375,19800.0,19889.69921875,19889.69921875,229600,Tuesday,0.4799264638990497
309,2023-11-29,19976.55078125,20104.650390625,19956.30078125,20096.599609375,20096.599609375,236200,Wednesday,1.040238911355451
310,2023-11-30,20108.5,20158.69921875,20015.849609375,20133.150390625,20133.150390625,486600,Thursday,0.18187545137213768
311,2023-12-01,20194.099609375,20291.55078125,20183.69921875,20267.900390625,20267.900390625,265800,Friday,0.6692941610506598
312,2023-12-04,20601.94921875,20702.650390625,20507.75,20686.80078125,20686.80078125,381100,Monday,2.066816900376933
313,2023-12-05,20808.900390625,20864.05078125,20711.150390625,20855.099609375,20855.099609375,421000,Tuesday,0.8135565760247543
314,2023-12-06,20950.75,20961.94921875,20852.150390625,20937.69921875,20937.69921875,359200,Wednesday,0.39606432442005346
315,2023-12-07,20932.400390625,20941.25,20850.80078125,20901.150390625,20901.150390625,275000,Thursday,-0.17455990623970186
316,2023-12-08,20934.099609375,21006.099609375,20862.69921875,20969.400390625,20969.400390625,292400,Friday,0.3265370504707432
317,2023-12-11,20965.30078125,21026.099609375,20923.69921875,20997.099609375,20997.099609375,212900,Monday,0.1320935183362959
318,2023-12-12,21018.55078125,21037.900390625,20867.150390625,20906.400390625,20906.400390625,244900,Tuesday,-0.43196070141755527
319,2023-12-13,20929.75,20950.0,20769.5,20926.349609375,20926.349609375,260300,Wednesday,0.09542158562574343
320,2023-12-14,21110.400390625,21210.900390625,21074.44921875,21182.69921875,21182.69921875,334400,Thursday,1.2250087289956912
321,2023-12-15,21287.44921875,21492.30078125,21235.30078125,21456.650390625,21456.650390625,508800,Friday,1.2932779200891975
322,2023-12-18,21434.80078125,21482.80078125,21365.349609375,21418.650390625,21418.650390625,249700,Monday,-0.17710126840955187
323,2023-12-19,21477.650390625,21505.05078125,21337.75,21453.099609375,21453.099609375,249800,Tuesday,0.1608374856572503
324,2023-12-20,21543.5,21593.0,21087.349609375,21150.150390625,21150.150390625,363900,Wednesday,-1.412146609423337
325,2023-12-21,21033.94921875,21288.349609375,20976.80078125,21255.05078125,21255.05078125,277500,Thursday,0.49597940765233606
326,2023-12-22,21295.849609375,21390.5,21232.44921875,21349.400390625,21349.400390625,284700,Friday,0.44389265566107117
327,2023-12-26,21365.19921875,21477.150390625,21329.44921875,21441.349609375,21441.349609375,219500,Tuesday,0.43068759341071683
328,2023-12-27,21497.650390625,21675.75,21495.80078125,21654.75,21654.75,256500,Wednesday,0.9952749920727699
329,2023-12-28,21715.0,21801.44921875,21678.0,21778.69921875,21778.69921875,393100,Thursday,0.5723881307796219
330,2023-12-29,21737.650390625,21770.30078125,21676.900390625,21731.400390625,21731.400390625,270900,Friday,-0.21717930740454694
331,2024-01-01,21727.75,21834.349609375,21680.849609375,21741.900390625,21741.900390625,154000,Monday,0.048317180721269004
332,2024-01-02,21751.349609375,21755.599609375,21555.650390625,21665.80078125,21665.80078125,263700,Tuesday,-0.3500136051024061
333,2024-01-03,21661.099609375,21677.0,21500.349609375,21517.349609375,21517.349609375,311900,Wednesday,-0.685186637566948
334,2024-01-04,21605.80078125,21685.650390625,21564.55078125,21658.599609375,21658.599609375,339200,Thursday,0.6564470186349425
335,2024-01-05,21705.75,21749.599609375,21629.19921875,21710.80078125,21710.80078125,309300,Friday,0.24101822286055619
336,2024-01-08,21747.599609375,21763.94921875,21492.900390625,21513.0,21513.0,231500,Monday,-0.911070868564301
337,2024-01-09,21653.599609375,21724.44921875,21517.849609375,21544.849609375,21544.849609375,228600,Tuesday,0.14804820050666745
338,2024-01-10,21529.30078125,21641.849609375,21448.650390625,21618.69921875,21618.69921875,217000,Wednesday,0.34277152411805734
339,2024-01-11,21688.0,21726.5,21593.75,21647.19921875,21647.19921875,212500,Thursday,0.13183031833516878
340,2024-01-12,21773.55078125,21928.25,21715.150390625,21894.55078125,21894.55078125,294700,Friday,1.1426492637705898
341,2024-01-15,22053.150390625,22115.55078125,21963.55078125,22097.44921875,22097.44921875,345500,Monday,0.9267074694848665
342,2024-01-16,22080.5,22124.150390625,21969.80078125,22032.30078125,22032.30078125,292400,Tuesday,-0.29482333845447517
343,2024-01-17,21647.25,21851.5,21550.44921875,21571.94921875,21571.94921875,456000,Wednesday,-2.0894393512082443
344,2024-01-18,21414.19921875,21539.400390625,21285.55078125,21462.25,21462.25,387300,Thursday,-0.5085271508735612
345,2024-01-19,21615.19921875,21670.599609375,21575.0,21622.400390625,21622.400390625,343100,Friday,0.746195718645537
346,2024-01-23,21716.69921875,21750.25,21192.599609375,21238.80078125,21238.80078125,449700,Tuesday,-1.774084294273448
347,2024-01-24,21185.25,21482.349609375,21137.19921875,21453.94921875,21453.94921875,407500,Wednesday,1.0129971071150878
348,2024-01-25,21454.599609375,21459.0,21247.05078125,21352.599609375,21352.599609375,418100,Thursday,-0.47240537554001927
349,2024-01-29,21433.099609375,21763.25,21429.599609375,21737.599609375,21737.599609375,376700,Monday,1.8030591452244726
350,2024-01-30,21775.75,21813.05078125,21501.80078125,21522.099609375,21522.099609375,375100,Tuesday,-0.9913698102483215
351,2024-01-31,21487.25,21741.349609375,21448.849609375,21725.69921875,21725.69921875,410600,Wednesday,0.9460025419002926
352,2024-02-01,21780.650390625,21832.94921875,21658.75,21697.44921875,21697.44921875,332500,Thursday,-0.13003033741542103
353,2024-02-02,21812.75,22126.80078125,21805.55078125,21853.80078125,21853.80078125,442800,Friday,0.7205988175093214
354,2024-02-05,21921.05078125,21964.30078125,21726.94921875,21771.69921875,21771.69921875,440800,Monday,-0.37568550808078083
355,2024-02-06,21825.19921875,21951.400390625,21737.55078125,21929.400390625,21929.400390625,371000,Tuesday,0.7243402101531293
356,2024-02-07,22045.05078125,22053.30078125,21860.150390625,21930.5,21930.5,346300,Wednesday,0.005014315737827957
357,2024-02-08,22009.650390625,22011.05078125,21665.30078125,21717.94921875,21717.94921875,491100,Thursday,-0.9692017110872975
358,2024-02-09,21727.0,21804.44921875,21629.900390625,21782.5,21782.5,349200,Friday,0.29722318898448563
359,2024-02-12,21800.80078125,21831.69921875,21574.75,21616.05078125,21616.05078125,287400,Monday,-0.7641419430735708
360,2024-02-13,21664.30078125,21766.80078125,21543.349609375,21743.25,21743.25,365800,Tuesday,0.5884480011507653
361,2024-02-14,21578.150390625,21870.849609375,21530.19921875,21840.05078125,21840.05078125,359100,Wednesday,0.44519922849619586
362,2024-02-15,21906.55078125,21953.849609375,21794.80078125,21910.75,21910.75,345400,Thursday,0.32371361888359207
363,2024-02-16,22020.30078125,22068.650390625,21968.94921875,22040.69921875,22040.69921875,343900,Friday,0.5930843022260657
364,2024-02-19,22103.44921875,22186.650390625,22021.05078125,22122.25,22122.25,0,Monday,0.37000088082788096
365,2024-02-20,22099.19921875,22215.599609375,22045.849609375,22196.94921875,22196.94921875,295700,Tuesday,0.33766555730090353
366,2024-02-21,22248.849609375,22249.400390625,21997.94921875,22055.05078125,22055.05078125,364500,Wednesday,-0.6392700010330099
367,2024-02-22,22081.55078125,22252.5,21875.25,22217.44921875,22217.44921875,343500,Thursday,0.736332185814148
368,2024-02-23,22290.0,22297.5,22186.099609375,22212.69921875,22212.69921875,226000,Friday,-0.02137959201901074
369,2024-02-26,22169.19921875,22202.150390625,22075.150390625,22122.05078125,22122.05078125,207800,Monday,-0.40809285088362346
370,2024-02-27,22090.19921875,22218.25,22085.650390625,22198.349609375,22198.349609375,252200,Tuesday,0.3448994348646428
371,2024-02-28,22214.099609375,22229.150390625,21915.849609375,21951.150390625,21951.150390625,203000,Wednesday,-1.1135927809948543
372,2024-02-29,21935.19921875,22060.55078125,21860.650390625,21982.80078125,21982.80078125,360200,Thursday,0.14418556686905948
373,2024-03-01,22048.30078125,22353.30078125,22047.75,22338.75,22338.75,351500,Friday,1.6192168700068565
374,2024-03-04,22403.5,22440.900390625,22358.30078125,22405.599609375,22405.599609375,298800,Monday,0.29925402887358565
375,2024-03-05,22371.25,22416.900390625,22269.150390625,22356.30078125,22356.30078125,296200,Tuesday,-0.22002905070378498
376,2024-03-06,22327.5,22497.19921875,22224.349609375,22474.05078125,22474.05078125,312300,Wednesday,0.5266971542034149
377,2024-03-07,22505.30078125,22525.650390625,22430.0,22493.55078125,22493.55078125,379900,Thursday,0.08676673462120199
378,2024-03-11,22517.5,22526.599609375,22307.25,22332.650390625,22332.650390625,277900,Monday,-0.7153178801771132
379,2024-03-12,22334.44921875,22452.55078125,22256.0,22335.69921875,22335.69921875,299200,Tuesday,0.013651886684606929
380,2024-03-13,22432.19921875,22446.75,21905.650390625,21997.69921875,21997.69921875,493300,Wednesday,-1.5132725270416536
381,2024-03-14,21982.55078125,22204.599609375,21917.5,22146.650390625,22146.650390625,426700,Thursday,0.6771215952804832
382,2024-03-15,22064.849609375,22120.900390625,21931.69921875,22023.349609375,22023.349609375,661500,Friday,-0.5567468627318717
383,2024-03-18,21990.099609375,22123.69921875,21916.55078125,22055.69921875,22055.69921875,356300,Monday,0.14688778023679294
384,2024-03-19,21946.44921875,21978.30078125,21793.099609375,21817.44921875,21817.44921875,344200,Tuesday,-1.0802196640288697
385,2024-03-20,21843.900390625,21930.900390625,21710.19921875,21839.099609375,21839.099609375,312400,Wednesday,0.09923428906801757
386,2024-03-21,21989.900390625,22080.94921875,21941.30078125,22011.94921875,22011.94921875,353200,Thursday,0.79146856998078
387,2024-03-22,21932.19921875,22180.69921875,21883.30078125,22096.75,22096.75,388700,Friday,0.38524885010076115
388,2024-03-26,21947.900390625,22073.19921875,21947.55078125,22004.69921875,22004.69921875,328400,Tuesday,-0.416580634029895
389,2024-03-27,22053.94921875,22193.599609375,22052.849609375,22123.650390625,22123.650390625,409100,Wednesday,0.5405716783151604
390,2024-03-28,22163.599609375,22516.0,22163.599609375,22326.900390625,22326.900390625,410500,Thursday,0.9187001078543977
391,2024-04-01,22455.0,22529.94921875,22427.75,22462.0,22462.0,0,Monday,0.6050979178091831
392,2024-04-02,22458.80078125,22497.599609375,22388.150390625,22453.30078125,22453.30078125,289500,Tuesday,-0.03872860275131451
393,2024-04-03,22385.69921875,22521.099609375,22346.5,22434.650390625,22434.650390625,309600,Wednesday,-0.08306302403686683
394,2024-04-04,22592.099609375,22619.0,22303.80078125,22514.650390625,22514.650390625,401000,Thursday,0.3565912488363576
395,2024-04-05,22486.400390625,22537.599609375,22427.599609375,22513.69921875,22513.69921875,242200,Friday,-0.004224679746289706
396,2024-04-08,22578.349609375,22697.30078125,22550.349609375,22666.30078125,22666.30078125,227600,Monday,0.6778164752814453
397,2024-04-09,22765.099609375,22768.400390625,22612.25,22642.75,22642.75,232400,Tuesday,-0.10390218270411866
398,2024-04-10,22720.25,22775.69921875,22673.69921875,22753.80078125,22753.80078125,276800,Wednesday,0.49044741142307835
399,2024-04-12,22677.400390625,22726.44921875,22503.75,22519.400390625,22519.400390625,357200,Friday,-1.0301592814249916
400,2024-04-15,22339.05078125,22427.44921875,22259.55078125,22272.5,22272.5,355500,Monday,-1.0963897188301042
401,2024-04-16,22125.30078125,22213.75,22079.44921875,22147.900390625,22147.900390625,317300,Tuesday,-0.5594325260972033
402,2024-04-18,22212.349609375,22326.5,21961.69921875,21995.849609375,21995.849609375,456900,Thursday,-0.6865245850318225
403,2024-04-19,21861.5,22179.55078125,21777.650390625,22147.0,22147.0,362500,Friday,0.6871768688606394
404,2024-04-22,22336.900390625,22375.650390625,22198.150390625,22336.400390625,22336.400390625,279300,Monday,0.8551965982977361
405,2024-04-23,22447.05078125,22447.55078125,22349.44921875,22368.0,22368.0,231500,Tuesday,0.14147135985376202
406,2024-04-24,22421.55078125,22476.44921875,22384.0,22402.400390625,22402.400390625,235900,Wednesday,0.15379287654238016
407,2024-04-25,22316.900390625,22625.94921875,22305.25,22570.349609375,22570.349609375,475000,Thursday,0.7496929606716884
408,2024-04-26,22620.400390625,22620.400390625,22385.55078125,22419.94921875,22419.94921875,329900,Friday,-0.6663626980883297
409,2024-04-29,22475.55078125,22655.80078125,22441.900390625,22643.400390625,22643.400390625,292000,Monday,0.996662256880243
410,2024-04-30,22679.650390625,22783.349609375,22568.400390625,22604.849609375,22604.849609375,361900,Tuesday,-0.170251731563964
411,2024-05-02,22567.849609375,22710.5,22567.849609375,22648.19921875,22648.19921875,445900,Thursday,0.19177127972140884
412,2024-05-03,22766.349609375,22794.69921875,22348.05078125,22475.849609375,22475.849609375,438100,Friday,-0.7609859296553445
413,2024-05-06,22561.599609375,22588.80078125,22409.44921875,22442.69921875,22442.69921875,320300,Monday,-0.14749338156797576
414,2024-05-07,22489.75,22499.05078125,22232.05078125,22302.5,22302.5,297800,Tuesday,-0.6246985595782073
415,2024-05-08,22231.19921875,22368.650390625,22185.19921875,22302.5,22302.5,277400,Wednesday,0.0
416,2024-05-09,22224.80078125,22307.75,21932.400390625,21957.5,21957.5,331300,Thursday,-1.546911781190452
417,2024-05-10,21990.94921875,22131.30078125,21950.30078125,22055.19921875,22055.19921875,265800,Friday,0.44494691449390444
418,2024-05-13,22027.94921875,22131.650390625,21821.05078125,22104.05078125,22104.05078125,278200,Monday,0.22149680905385605
419,2024-05-14,22112.900390625,22270.05078125,22081.25,22217.849609375,22217.849609375,230200,Tuesday,0.5148324587705533
420,2024-05-15,22255.599609375,22297.55078125,22151.75,22200.55078125,22200.55078125,231900,Wednesday,-0.07786004689536163
421,2024-05-16,22319.19921875,22432.25,22054.55078125,22403.849609375,22403.849609375,368900,Thursday,0.9157377676264788
422,2024-05-17,22415.25,22502.150390625,22345.650390625,22466.099609375,22466.099609375,242700,Friday,0.27785403439750667
423,2024-05-21,22404.55078125,22591.099609375,22404.55078125,22529.05078125,22529.05078125,347600,Tuesday,0.2802051667603722
424,2024-05-22,22576.599609375,22629.5,22483.150390625,22597.80078125,22597.80078125,290300,Wednesday,0.3051615474950031
425,2024-05-23,22614.099609375,22993.599609375,22577.44921875,22967.650390625,22967.650390625,369800,Thursday,1.6366619608483068
426,2024-05-24,22930.75,23026.400390625,22908.0,22957.099609375,22957.099609375,261900,Friday,-0.04593757337192361
427,2024-05-27,23038.94921875,23110.80078125,22871.19921875,22932.44921875,22932.44921875,260000,Monday,-0.10737589261899938
428,2024-05-28,22977.150390625,22998.55078125,22858.5,22888.150390625,22888.150390625,217900,Tuesday,-0.19317094176221072
429,2024-05-29,22762.75,22825.5,22685.44921875,22704.69921875,22704.69921875,269900,Wednesday,-0.8015115627261094
430,2024-05-30,22617.44921875,22705.75,22417.0,22488.650390625,22488.650390625,373400,Thursday,-0.9515599658179275
431,2024-05-31,22568.099609375,22653.75,22465.099609375,22530.69921875,22530.69921875,572100,Friday,0.18697799732139142
432,2024-06-03,23337.900390625,23338.69921875,23062.30078125,23263.900390625,23263.900390625,569400,Monday,3.2542317695352763
433,2024-06-04,23179.5,23179.5,21281.44921875,21884.5,21884.5,1006100,Tuesday,-5.929359941641077
434,2024-06-05,22128.349609375,22670.400390625,21791.94921875,22620.349609375,22620.349609375,638500,Wednesday,3.3624236760035675
435,2024-06-06,22798.599609375,22910.150390625,22642.599609375,22821.400390625,22821.400390625,480400,Thursday,0.8888049244237806
436,2024-06-07,22821.849609375,23320.19921875,22789.05078125,23290.150390625,23290.150390625,473600,Friday,2.0539931466807104
437,2024-06-10,23319.150390625,23411.900390625,23227.150390625,23259.19921875,23259.19921875,304400,Monday,-0.13289382574128705
438,2024-06-11,23283.75,23389.44921875,23206.650390625,23264.849609375,23264.849609375,305200,Tuesday,0.02429314342191624
439,2024-06-12,23344.44921875,23441.94921875,23295.94921875,23322.94921875,23322.94921875,295600,Wednesday,0.2497312914139238
440,2024-06-13,23480.94921875,23481.05078125,23353.900390625,23398.900390625,23398.900390625,268300,Thursday,0.32564994745150067
441,2024-06-14,23464.94921875,23490.400390625,23334.25,23465.599609375,23465.599609375,223100,Friday,0.28505279152657437
442,2024-06-18,23570.80078125,23579.05078125,23499.69921875,23557.900390625,23557.900390625,272200,Tuesday,0.3933450786960613
443,2024-06-19,23629.849609375,23664.0,23412.900390625,23516.0,23516.0,328800,Wednesday,-0.17786131162043084
444,2024-06-20,23586.150390625,23624.0,23442.599609375,23567.0,23567.0,280300,Thursday,0.21687361796223215
445,2024-06-21,23661.150390625,23667.099609375,23398.19921875,23501.099609375,23501.099609375,609900,Friday,-0.279629951309035
446,2024-06-24,23382.30078125,23558.099609375,23350.0,23537.849609375,23537.849609375,239400,Monday,0.156375661610908
447,2024-06-25,23577.099609375,23754.150390625,23562.05078125,23721.30078125,23721.30078125,298100,Tuesday,0.7793879853915442
448,2024-06-26,23723.099609375,23889.900390625,23670.44921875,23868.80078125,23868.80078125,287800,Wednesday,0.6218040121837909
449,2024-06-27,23881.55078125,24087.44921875,23805.400390625,24044.5,24044.5,515200,Thursday,0.7361040898544724
450,2024-06-28,24085.900390625,24174.0,23985.80078125,24010.599609375,24010.599609375,354800,Friday,-0.14099020825968367
451,2024-07-01,23992.94921875,24164.0,23992.69921875,24141.94921875,24141.94921875,0,Monday,0.5470484349075377
452,2024-07-02,24228.75,24236.349609375,24056.400390625,24123.849609375,24123.849609375,0,Tuesday,-0.07497161563467802
453,2024-07-03,24291.75,24309.150390625,24207.099609375,24286.5,24286.5,0,Wednesday,0.6742306607722792
454,2024-07-04,24369.94921875,24401.0,24281.0,24302.150390625,24302.150390625,251200,Thursday,0.06444070008029268
455,2024-07-05,24213.349609375,24363.0,24168.849609375,24323.849609375,24323.849609375,298400,Friday,0.0892892949850621
456,2024-07-08,24329.44921875,24344.599609375,24240.55078125,24320.55078125,24320.55078125,266300,Monday,-0.013562113637344275
457,2024-07-09,24351.0,24443.599609375,24331.900390625,24433.19921875,24433.19921875,250500,Tuesday,0.4631820986013446
458,2024-07-10,24459.849609375,24461.05078125,24141.80078125,24324.44921875,24324.44921875,292300,Wednesday,-0.4450911197766749
459,2024-07-11,24396.55078125,24402.650390625,24193.75,24315.94921875,24315.94921875,306400,Thursday,-0.03494426502141934
460,2024-07-12,24387.94921875,24592.19921875,24331.150390625,24502.150390625,24502.150390625,325800,Friday,0.7657573644356042
461,2024-07-15,24587.599609375,24635.05078125,24522.75,24586.69921875,24586.69921875,305400,Monday,0.3450669707641296
462,2024-07-16,24615.900390625,24661.25,24587.650390625,24613.0,24613.0,283200,Tuesday,0.10697158254551198
463,2024-07-18,24543.80078125,24837.75,24504.44921875,24800.849609375,24800.849609375,350900,Thursday,0.7632129743428306
464,2024-07-19,24853.80078125,24854.80078125,24508.150390625,24530.900390625,24530.900390625,343800,Friday,-1.0884676251089243
465,2024-07-22,24445.75,24595.19921875,24362.30078125,24509.25,24509.25,324200,Monday,-0.08825762723847497
466,2024-07-23,24568.900390625,24582.55078125,24074.19921875,24479.05078125,24479.05078125,436400,Tuesday,-0.12321559717249908
467,2024-07-24,24444.94921875,24504.25,24307.25,24413.5,24413.5,366600,Wednesday,-0.2677831825905974
468,2024-07-25,24230.94921875,24426.150390625,24210.80078125,24406.099609375,24406.099609375,391800,Thursday,-0.030312698404566518
469,2024-07-26,24423.349609375,24861.150390625,24410.900390625,24834.849609375,24834.849609375,383800,Friday,1.756732976027453
470,2024-07-29,24943.30078125,24999.75,24774.599609375,24836.099609375,24836.099609375,355000,Monday,0.00503324972633834
471,2024-07-30,24839.400390625,24971.75,24798.650390625,24857.30078125,24857.30078125,385000,Tuesday,0.08536433743000504
472,2024-07-31,24886.69921875,24984.599609375,24856.5,24951.150390625,24951.150390625,333600,Wednesday,0.377553501085659
473,2024-08-01,25030.94921875,25078.30078125,24956.400390625,25010.900390625,25010.900390625,431300,Thursday,0.23946791656728195
474,2024-08-02,24789.0,24851.900390625,24686.849609375,24717.69921875,24717.69921875,345000,Friday,-1.172293549195469
475,2024-08-05,24302.849609375,24350.05078125,23893.69921875,24055.599609375,24055.599609375,487000,Monday,-2.678645789462286
476,2024-08-06,24189.849609375,24382.599609375,23960.400390625,23992.55078125,23992.55078125,312300,Tuesday,-0.26209626510589334
477,2024-08-07,24289.400390625,24337.69921875,24184.900390625,24297.5,24297.5,317600,Wednesday,1.2710162480444431
478,2024-08-08,24248.55078125,24340.5,24079.69921875,24117.0,24117.0,311900,Thursday,-0.7428747813561065
479,2024-08-09,24386.849609375,24419.75,24311.19921875,24367.5,24367.5,215100,Friday,1.0386864037815746
480,2024-08-12,24320.05078125,24472.80078125,24212.099609375,24347.0,24347.0,279900,Monday,-0.08412844977941925
481,2024-08-13,24342.349609375,24359.94921875,24116.5,24139.0,24139.0,239700,Tuesday,-0.8543146999630324
482,2024-08-14,24184.400390625,24196.5,24099.69921875,24143.75,24143.75,303300,Wednesday,0.019677699987563635
483,2024-08-16,24334.849609375,24563.900390625,24204.5,24541.150390625,24541.150390625,271600,Friday,1.6459762490292462
484,2024-08-19,24636.349609375,24638.80078125,24522.94921875,24572.650390625,24572.650390625,243600,Monday,0.12835584110202358
485,2024-08-20,24648.900390625,24734.30078125,24607.19921875,24698.849609375,24698.849609375,238300,Tuesday,0.5135759339910173
486,2024-08-21,24680.55078125,24787.94921875,24654.5,24770.19921875,24770.19921875,257100,Wednesday,0.28887826964991703
487,2024-08-22,24863.400390625,24867.349609375,24784.44921875,24811.5,24811.5,220300,Thursday,0.1667357653657442
488,2024-08-23,24845.400390625,24858.400390625,24771.650390625,24823.150390625,24823.150390625,206800,Friday,0.046955607782672715
489,2024-08-26,24906.099609375,25043.80078125,24874.69921875,25010.599609375,25010.599609375,210300,Monday,0.7551387144671073
490,2024-08-27,25024.80078125,25073.099609375,24973.650390625,25017.75,25017.75,223300,Tuesday,0.02858944102370753
